start_tz,start,end_tz,end,activity
GMT,1448353580,GMT,1448354372,work
GMT,1448354372,GMT,1448355410,break
GMT,1448355410,GMT,1448357035,work
GMT,1448357035,GMT,1448357708,break
GMT,1448357708,GMT,1448360118,work
GMT,1448360118,GMT,1448361337,break
GMT,1448361337,GMT,1448363417,work
GMT,1448363417,GMT,1448364061,break
GMT,1448364061,GMT,1448366744,work
GMT,1448366744,GMT,1448370234,break
GMT,1448370234,GMT,1448372302,work
GMT,1448372302,GMT,1448374084,break
GMT,1448374084,GMT,1448376682,work
GMT,1448376682,GMT,1448378802,break
GMT,1448378802,GMT,1448381090,work
GMT,1448440442,GMT,1448448014,work
GMT,1448448014,GMT,1448449183,break
GMT,1448449183,GMT,1448450555,work
GMT,1448450555,GMT,1448453003,break
GMT,1448453003,GMT,1448454969,work
GMT,1448454969,GMT,1448455273,break
GMT,1448455273,GMT,1448455723,work
GMT,1448455723,GMT,1448456002,break
GMT,1448456002,GMT,1448460129,work
GMT,1448460129,GMT,1448460334,break
GMT,1448460334,GMT,1448460867,work
GMT,1448460867,GMT,1448462042,break
GMT,1448462042,GMT,1448462599,work
GMT,1448462599,GMT,1448466598,break
GMT,1448466598,GMT,1448470187,work
GMT,1448470187,GMT,1448470462,break
GMT,1448470462,GMT,1448472691,work
GMT,1448528762,GMT,1448532879,work
GMT,1448532879,GMT,1448533511,break
GMT,1448533511,GMT,1448535651,work
GMT,1448535651,GMT,1448536208,break
GMT,1448536208,GMT,1448536464,work
GMT,1448536464,GMT,1448538745,break
GMT,1448538745,GMT,1448548572,work
GMT,1448548572,GMT,1448555010,break
GMT,1448555010,GMT,1448556487,work
GMT,1448556487,GMT,1448557140,break
GMT,1448557140,GMT,1448562289,work
GMT,1448562289,GMT,1448581291,break
GMT,1448581291,GMT,1448582138,work
GMT,1448614122,GMT,1448615357,work
GMT,1448615357,GMT,1448618394,break
GMT,1448618394,GMT,1448621549,work
GMT,1448621549,GMT,1448623841,break
GMT,1448623841,GMT,1448625928,work
GMT,1448625928,GMT,1448631816,break
GMT,1448631816,GMT,1448635591,work
GMT,1448635591,GMT,1448636070,break
GMT,1448636070,GMT,1448637017,work
GMT,1448637017,GMT,1448642688,break
GMT,1448642688,GMT,1448645128,work
GMT,1448645128,GMT,1448646372,break
GMT,1448646372,GMT,1448648128,work
GMT,1448813333,GMT,1448813753,work
GMT,1448873744,GMT,1448874568,work
GMT,1448875179,GMT,1448879862,work
GMT,1448880089,GMT,1448884269,work
GMT,1448886008,GMT,1448890622,work
UTC,1448892425,UTC,1448895774,work
UTC,1448902478,UTC,1448903038,work
UTC,1448903038,UTC,1448904345,study
UTC,1448964607,UTC,1448969636,work
UTC,1448975143,UTC,1448977970,dogwalking
UTC,1448978608,UTC,1448981396,work
UTC,1448981796,UTC,1448984295,work
UTC,1448985764,UTC,1448986749,work
UTC,1448988094,UTC,1448993837,work
UTC,1449045524,UTC,1449049492,work
UTC,1449050450,UTC,1449054583,work
UTC,1449057167,UTC,1449059782,work
UTC,1449060004,UTC,1449060735,shower
UTC,1449061220,UTC,1449064466,dogwalking
UTC,1449067962,UTC,1449069370,work
UTC,1449071872,UTC,1449077429,work
UTC,1449080754,UTC,1449082296,work
UTC,1449085920,UTC,1449087815,work
UTC,1449136679,UTC,1449144245,work
UTC,1449146839,UTC,1449147471,work
UTC,1449147623,UTC,1449148649,shower
UTC,1449148948,UTC,1449152888,work
UTC,1449155150,UTC,1449157153,dogwalking
UTC,1449157856,UTC,1449162906,work
UTC,1449220655,UTC,1449221300,work
UTC,1449225634,UTC,1449231097,work
UTC,1449232982,UTC,1449237068,work
UTC,1449239211,UTC,1449239960,work
UTC,1449240492,UTC,1449241345,shower
UTC,1449241515,UTC,1449243345,dogwalking
UTC,1449245906,UTC,1449251179,work
UTC,1449252154,UTC,1449253141,work
UTC,1449272334,UTC,1449279239,appdev
UTC,1449322769,UTC,1449326029,appdev
UTC,1449427471,UTC,1449432576,appdev
UTC,1449476903,UTC,1449479474,work
UTC,1449479611,UTC,1449487638,work
UTC,1449488407,UTC,1449496205,work
UTC,1449498523,UTC,1449506318,work
UTC,1449564326,UTC,1449566656,work
UTC,1449567940,UTC,1449574659,work
UTC,1449576767,UTC,1449581656,work
UTC,1449584446,UTC,1449590541,work
UTC,1449592381,UTC,1449595404,work
UTC,1449656248,UTC,1449657016,work
UTC,1449657802,UTC,1449661109,work
UTC,1449661754,UTC,1449662457,work
UTC,1449670067,UTC,1449672195,work
UTC,1449674669,UTC,1449681030,work
UTC,1449741898,UTC,1449744159,work
UTC,1449745416,UTC,1449748466,work
UTC,1449757125,UTC,1449761659,work
UTC,1449764132,UTC,1449765942,work
UTC,1449766906,UTC,1449768872,work
UTC,1449829039,UTC,1449832315,work
UTC,1449844974,UTC,1449845935,work
UTC,1449850181,UTC,1449854629,work
UTC,1450085996,UTC,1450096796,work
UTC,1450097796,UTC,1450112196,work
UTC,1450170040,UTC,1450178675,work
UTC,1450179092,UTC,1450180944,work
UTC,1450181122,UTC,1450187413,work
UTC,1450190268,UTC,1450194245,work
UTC,1450195744,UTC,1450200006,work
UTC,1450258585,UTC,1450261243,work
UTC,1450262443,UTC,1450272229,work
UTC,1450272564,UTC,1450274489,dogwalking
UTC,1450274720,UTC,1450276680,work
UTC,1450278848,UTC,1450282041,work
UTC,1450290228,UTC,1450290993,work
UTC,1450337111,UTC,1450341998,work
UTC,1450343247,UTC,1450347326,work
UTC,1450348577,UTC,1450352400,work
UTC,1450361347,UTC,1450362105,work
UTC,1450364140,UTC,1450366681,work
UTC,1450366681,UTC,1450370111,work
UTC,1450544078,UTC,1450546051,work
UTC,1450687664,UTC,1450688519,work
UTC,1450690470,UTC,1450694683,work
UTC,1450696668,UTC,1450701984,work
UTC,1450708148,UTC,1450710608,work
UTC,1450711422,UTC,1450714216,work
UTC,1450780326,UTC,1450789700,work
UTC,1450793270,UTC,1450797680,work
UTC,1450799195,UTC,1450800816,work
UTC,1450812165,UTC,1450814410,work
UTC,1450815187,UTC,1450816331,work
UTC,1450864955,UTC,1450866062,work
UTC,1450867355,UTC,1450872182,work
UTC,1450879776,UTC,1450881049,work
UTC,1451386736,UTC,1451391083,work
UTC,1451393760,UTC,1451395316,work
UTC,1451395404,UTC,1451398541,dogwalking
UTC,1451398541,UTC,1451404683,work
UTC,1451407830,UTC,1451409406,work
UTC,1451468582,UTC,1451471237,work
UTC,1451473700,UTC,1451479174,work
UTC,1451482896,UTC,1451495133,work
UTC,1451497718,UTC,1451503650,work
UTC,1451506153,UTC,1451506796,work
UTC,1451897447,UTC,1451903581,work
UTC,1451904710,UTC,1451908934,work
UTC,1451912659,UTC,1451916407,work
UTC,1451917348,UTC,1451922232,work
UTC,1451923897,UTC,1451927425,work
UTC,1451984021,UTC,1451992934,work
UTC,1451993370,UTC,1452001994,work
UTC,1452004420,UTC,1452012839,work
UTC,1452071038,UTC,1452074528,work
UTC,1452078065,UTC,1452082869,work
UTC,1452084171,UTC,1452085724,work
UTC,1452085728,UTC,1452088461,dogwalking
UTC,1452088779,UTC,1452089979,work
UTC,1452093010,UTC,1452095349,work
UTC,1452096410,UTC,1452102176,work
UTC,1452159743,UTC,1452168640,work
UTC,1452174219,UTC,1452179947,work
UTC,1452181308,UTC,1452185013,work
UTC,1452245239,UTC,1452248216,work
UTC,1452249876,UTC,1452255260,work
UTC,1452261269,UTC,1452268938,work
UTC,1452269477,UTC,1452270502,work
UTC,1452271278,UTC,1452272507,work
UTC,1452503218,UTC,1452504047,work
UTC,1452504047,UTC,1452508798,khan
UTC,1452513442,UTC,1452514528,khan
UTC,1452514528,UTC,1452515492,work
UTC,1452519909,UTC,1452528938,work
UTC,1452547289,UTC,1452548232,work
UTC,1452551155,UTC,1452555906,work
UTC,1452590230,UTC,1452598365,work
UTC,1452607661,UTC,1452612230,work
UTC,1452615766,UTC,1452616734,khan
UTC,1452678467,UTC,1452680661,work
UTC,1452681695,UTC,1452684857,khan
UTC,1452684857,UTC,1452686589,work
UTC,1452687608,UTC,1452690615,work
UTC,1452695168,UTC,1452699841,work
UTC,1452700401,UTC,1452705071,work
UTC,1452765774,UTC,1452771743,work
UTC,1452777652,UTC,1452778462,work
UTC,1452779550,UTC,1452787228,work
UTC,1452852753,UTC,1452863647,work
UTC,1452867971,UTC,1452869663,work
UTC,1452871277,UTC,1452874696,work
UTC,1453107774,UTC,1453110402,work
UTC,1453111477,UTC,1453113223,work
UTC,1453120084,UTC,1453131009,work
UTC,1453192939,UTC,1453207281,work
UTC,1453210340,UTC,1453222240,work
UTC,1453280443,UTC,1453284880,work
UTC,1453285867,UTC,1453295385,work
UTC,1453298348,UTC,1453299961,work
UTC,1453300748,UTC,1453309930,work
UTC,1453334354,UTC,1453336996,work
UTC,1453371767,UTC,1453373019,work
UTC,1453374941,UTC,1453375470,work
UTC,1453393726,UTC,1453393976,work
UTC,1453456734,UTC,1453463331,work
UTC,1453474992,UTC,1453477030,work
UTC,1453479114,UTC,1453485863,work
UTC,1453715386,UTC,1453716038,work
UTC,1453717441,UTC,1453720568,work
UTC,1453721383,UTC,1453724790,work
UTC,1453731764,UTC,1453732529,work
UTC,1453734903,UTC,1453737711,work
UTC,1453801052,UTC,1453804243,work
UTC,1453813467,UTC,1453814961,work
UTC,1453815948,UTC,1453818226,work
UTC,1453825230,UTC,1453829070,work
UTC,1453891097,UTC,1453894456,work
UTC,1453897587,UTC,1453898442,work
UTC,1453905242,UTC,1453907388,work
UTC,1453908852,UTC,1453909387,work
UTC,1453971524,UTC,1453972761,work
UTC,1453974128,UTC,1453980558,work
UTC,1453989715,UTC,1453997204,work
UTC,1453997644,UTC,1454001180,work
UTC,1454061574,UTC,1454064607,work
UTC,1454073278,UTC,1454073925,work
UTC,1454076404,UTC,1454083031,work
UTC,1454084937,UTC,1454086976,start
UTC,1454315466,UTC,1454317786,work
UTC,1454318257,UTC,1454325713,work
UTC,1454328232,UTC,1454343074,work
UTC,1454343457,UTC,1454346957,work
UTC,1454403959,UTC,1454405351,work
UTC,1454406307,UTC,1454410922,work
UTC,1454411743,UTC,1454417179,work
UTC,1454420471,UTC,1454426304,work
UTC,1454426720,UTC,1454428810,work
UTC,1454504947,UTC,1454506509,work
UTC,1454508783,UTC,1454509867,work
UTC,1454511391,UTC,1454514380,work
UTC,1454516455,UTC,1454523375,work
UTC,1454576710,UTC,1454578072,work
UTC,1454580547,UTC,1454582861,work
UTC,1454585760,UTC,1454588993,start
UTC,1454589222,UTC,1454590586,work
UTC,1454594915,UTC,1454598944,work
UTC,1454600230,UTC,1454600810,work
UTC,1454604415,UTC,1454608766,work
UTC,1454667390,UTC,1454670233,work
UTC,1454674401,UTC,1454677856,work
UTC,1454682214,UTC,1454683515,work
UTC,1454925185,UTC,1454925775,work
UTC,1454926319,UTC,1454928238,work
UTC,1454939089,UTC,1454942741,work
UTC,1454947670,UTC,1454948556,work
UTC,1454949698,UTC,1454951189,work
UTC,1455018504,UTC,1455029034,work
UTC,1455032010,UTC,1455034425,work
UTC,1455103716,UTC,1455112666,work
UTC,1455114104,UTC,1455118213,work
UTC,1455181967,UTC,1455183490,work
UTC,1455184138,UTC,1455188315,work
UTC,1455197348,UTC,1455204991,work
UTC,1455206865,UTC,1455209150,work
UTC,1455274882,UTC,1455277507,work
UTC,1455279789,UTC,1455283362,work
UTC,1455285144,UTC,1455289518,work
UTC,1455290427,UTC,1455291616,work
UTC,1455296248,UTC,1455298616,work
UTC,1455303476,UTC,1455304219,work
UTC,1455525838,UTC,1455527656,work
UTC,1455528218,UTC,1455534051,work
UTC,1455535323,UTC,1455539484,work
UTC,1455541175,UTC,1455551445,work
UTC,1455552210,UTC,1455555280,work
UTC,1455613243,UTC,1455615206,work
UTC,1455617231,UTC,1455622150,work
UTC,1455623877,UTC,1455629689,work
UTC,1455630551,UTC,1455641534,work
UTC,1455702622,UTC,1455704259,work
UTC,1455705864,UTC,1455710496,work
UTC,1455710672,UTC,1455718966,work
UTC,1455719684,UTC,1455726416,work
UTC,1455727716,UTC,1455732246,work
UTC,1455790767,UTC,1455798494,work
UTC,1455799431,UTC,1455802575,work
UTC,1455804271,UTC,1455807463,work
UTC,1457516909,UTC,1457522928,work
UTC,1457608874,UTC,1457620679,work
UTC,1457691894,UTC,1457697894,work
UTC,1457708028,UTC,1457713972,work
UTC,1457946056,UTC,1457959470,work
UTC,1457966048,UTC,1457976447,work
UTC,1458032938,UTC,1458046959,work
UTC,1458049706,UTC,1458053468,work
UTC,1458054436,UTC,1458060109,work
UTC,1458124571,UTC,1458142881,work
UTC,1458148171,UTC,1458158029,work
UTC,1458208276,UTC,1458216958,work
UTC,1458218483,UTC,1458226694,work
UTC,1458227500,UTC,1458232455,work
UTC,1458233116,UTC,1458236204,work
UTC,1458293309,UTC,1458308146,work
UTC,1458311436,UTC,1458312722,work
UTC,1458313310,UTC,1458318600,work
UTC,1458322421,UTC,1458329555,work
UTC,1458335439,UTC,1458340439,work
UTC,1458479169,UTC,1458485351,work
UTC,1458492307,UTC,1458501948,work
UTC,1458503443,UTC,1458512407,work
UTC,1458516981,UTC,1458525981,work
UTC,1458557252,UTC,1458558943,work
UTC,1458559744,UTC,1458561768,work
UTC,1458573095,UTC,1458576050,work
UTC,1458642383,UTC,1458662656,work
UTC,1458727197,UTC,1458735215,work
UTC,1458738554,UTC,1458739919,work
UTC,1458740797,UTC,1458746466,work
UTC,1458747416,UTC,1458752719,work
UTC,1458753921,UTC,1458756856,work
UTC,1458814329,UTC,1458825650,work
UTC,1458832339,UTC,1458834547,work
UTC,1458835157,UTC,1458836526,work
UTC,1459233866,UTC,1459249899,work
UTC,1459252737,UTC,1459266751,work
UTC,1459320809,UTC,1459332338,work
UTC,1459332779,UTC,1459336757,work
UTC,1459339268,UTC,1459346867,work
UTC,1459410073,UTC,1459411544,work
UTC,1459412732,UTC,1459414256,work
UTC,1459415328,UTC,1459419867,work
UTC,1459423685,UTC,1459430690,work
UTC,1459431735,UTC,1459435651,work
UTC,1459494840,UTC,1459496571,work
UTC,1459497287,UTC,1459499352,work
UTC,1459499683,UTC,1459501685,work
UTC,1459502016,UTC,1459506431,work
UTC,1459507641,UTC,1459510029,work
UTC,1459512066,UTC,1459517109,work
UTC,1459530358,UTC,1459533168,work
UTC,1459760242,UTC,1459764424,work
UTC,1459765266,UTC,1459766613,work
UTC,1459766619,UTC,1459769680,study
UTC,1459769854,UTC,1459770488,study
UTC,1459771746,UTC,1459772181,work
UTC,1459775433,UTC,1459777500,work
UTC,1459780087,UTC,1459781374,work
UTC,1459795805,UTC,1459801442,study
UTC,1459841402,UTC,1459849295,work
UTC,1459851033,UTC,1459853353,work
UTC,1459854245,UTC,1459855606,work
UTC,1459857766,UTC,1459859488,work
UTC,1459862853,UTC,1459873246,work
UTC,1459927367,UTC,1459934230,work
UTC,1459934822,UTC,1459936789,study
UTC,1459941753,UTC,1459945353,work
UTC,1459945396,UTC,1459953082,work
UTC,1459953881,UTC,1459961981,work
UTC,1460017090,UTC,1460019564,work
UTC,1460021775,UTC,1460032528,work
UTC,1460050348,UTC,1460054305,work
UTC,1460100629,UTC,1460109170,work
UTC,1460113372,UTC,1460115786,work
UTC,1460119020,UTC,1460127116,work
UTC,1460358256,UTC,1460358919,work
UTC,1460359895,UTC,1460374117,work
UTC,1460375755,UTC,1460377965,work
UTC,1460381012,UTC,1460385761,work
UTC,1460442056,UTC,1460455819,work
UTC,1460459152,UTC,1460472878,work
UTC,1460531767,UTC,1460532482,work
UTC,1460534214,UTC,1460542829,work
UTC,1460543676,UTC,1460548635,work
UTC,1460553216,UTC,1460560389,work
UTC,1460562058,UTC,1460565731,work
UTC,1460962840,UTC,1460964982,work
UTC,1460969670,UTC,1460972488,work
UTC,1460981430,UTC,1460983158,work
UTC,1460986206,UTC,1460991781,work
UTC,1461069906,UTC,1461079393,work
UTC,1461311337,UTC,1461324383,work
UTC,1461326599,UTC,1461329042,work
UTC,1461331871,UTC,1461333384,work
UTC,1461333878,UTC,1461340214,work
UTC,1461486411,UTC,1461490371,work
UTC,1462261443,UTC,1462263127,work
UTC,1462264821,UTC,1462268337,work
UTC,1462273940,UTC,1462275904,work
UTC,1462281552,UTC,1462290552,work
UTC,1462344264,UTC,1462346345,work
UTC,1462348883,UTC,1462352849,work
UTC,1462354091,UTC,1462357345,work
UTC,1462362597,UTC,1462364410,work
UTC,1462364878,UTC,1462374503,work
UTC,1462434942,UTC,1462440952,work
UTC,1462442037,UTC,1462442641,work
UTC,1462447217,UTC,1462452512,work
UTC,1462456797,UTC,1462461429,work
UTC,1462519937,UTC,1462532112,work
UTC,1462535304,UTC,1462537798,work
UTC,1462538765,UTC,1462545983,work
UTC,1462776938,UTC,1462781554,work
UTC,1462782129,UTC,1462796529,work
UTC,1462800129,UTC,1462814529,work
UTC,1462963423,UTC,1462970579,work
UTC,1462973104,UTC,1462989166,work
UTC,1463035781,UTC,1463067366,work
UTC,1463123203,UTC,1463132553,work
UTC,1463136600,UTC,1463159473,work
UTC,1463382123,UTC,1463394353,work
UTC,1463418715,UTC,1463420615,work
UTC,1463469029,UTC,1463477766,work
UTC,1463482125,UTC,1463484892,work
UTC,1463486724,UTC,1463490922,work
UTC,1463556735,UTC,1463557910,work
UTC,1463560790,UTC,1463569403,work
UTC,1463582640,UTC,1463595983,work
UTC,1463643075,UTC,1463656545,work
UTC,1463658812,UTC,1463668968,work
UTC,1463985192,UTC,1464005024,work
UTC,1464011857,UTC,1464018650,work
UTC,1464073835,UTC,1464089665,work
UTC,1464092265,UTC,1464104865,work
UTC,1464163838,UTC,1464170438,work
UTC,1464185402,UTC,1464187419,work
UTC,1464191364,UTC,1464191973,work
UTC,1464194562,UTC,1464199346,work
UTC,1464249066,UTC,1464253311,work
UTC,1464257208,UTC,1464277984,work
UTC,1464335281,UTC,1464338048,work
UTC,1464338678,UTC,1464343268,work
UTC,1464346521,UTC,1464360671,work
UTC,1464460354,UTC,1464463854,work
UTC,1464515438,UTC,1464517445,work
UTC,1464520187,UTC,1464526717,work
UTC,1464531998,UTC,1464535002,work
UTC,1464538088,UTC,1464539640,work
UTC,1464552770,UTC,1464559634,work
UTC,1464596151,UTC,1464600439,work
UTC,1464602755,UTC,1464605150,work
UTC,1464681136,UTC,1464685199,work
UTC,1464685910,UTC,1464689967,work
UTC,1464691120,UTC,1464705588,work
UTC,1464707555,UTC,1464708640,work
UTC,1464766275,UTC,1464770129,work
UTC,1464771521,UTC,1464777714,work
UTC,1464779003,UTC,1464779482,work
UTC,1464782141,UTC,1464795280,work
UTC,1464798459,UTC,1464816027,work
UTC,1464860773,UTC,1464876655,work
UTC,1464879203,UTC,1464886294,work
UTC,1464887286,UTC,1464891203,work
UTC,1464901601,UTC,1464912200,work
UTC,1464940643,UTC,1464948797,work
UTC,1464949585,UTC,1464949892,work
UTC,1464956086,UTC,1464962161,work
UTC,1465043857,UTC,1465045703,work
UTC,1465046377,UTC,1465056461,work
UTC,1465067228,UTC,1465080211,work
UTC,1465115199,UTC,1465120191,work
UTC,1465197186,UTC,1465213803,work
UTC,1465215467,UTC,1465230217,work
UTC,1465235253,UTC,1465238687,work
UTC,1465284297,UTC,1465318404,work
UTC,1465332229,UTC,1465340315,work
UTC,1465371201,UTC,1465389960,work
UTC,1465392775,UTC,1465406081,work
UTC,1465456259,UTC,1465465560,work
UTC,1465548655,UTC,1465562735,work
UTC,1465566927,UTC,1465574165,work
UTC,1465736676,UTC,1465749106,work
UTC,1465800198,UTC,1465819677,work
UTC,1465821942,UTC,1465827477,work
UTC,1465898967,UTC,1465904404,work
UTC,1465907731,UTC,1465925912,work
UTC,1465973268,UTC,1465986047,work
UTC,1465991502,UTC,1466004150,work
UTC,1466066942,UTC,1466085107,work
UTC,1466086502,UTC,1466092708,work
UTC,1466149080,UTC,1466171463,work
UTC,1466407746,UTC,1466423448,work
UTC,1466424406,UTC,1466441210,work
UTC,1466492224,UTC,1466520977,work
UTC,1466592061,UTC,1466610073,work
UTC,1466670609,UTC,1466685566,work
UTC,1466687832,UTC,1466692988,work
UTC,1466754102,UTC,1466773125,work
UTC,1466774453,UTC,1466775520,work
UTC,1466778285,UTC,1466780569,work
UTC,1467014055,UTC,1467041824,work
UTC,1467115320,UTC,1467116416,work
UTC,1467127724,UTC,1467130955,work
UTC,1467184879,UTC,1467194786,work
UTC,1467205272,UTC,1467206569,work
UTC,1467206982,UTC,1467217871,work
UTC,1467271596,UTC,1467277053,work
UTC,1467364452,UTC,1467370461,work
UTC,1467598023,UTC,1467626236,work
UTC,1467629360,UTC,1467636398,work
UTC,1467637061,UTC,1467645195,work
UTC,1467700097,UTC,1467710336,work
UTC,1467711547,UTC,1467713560,work
UTC,1467716865,UTC,1467730311,work
UTC,1467788046,UTC,1467791532,work
UTC,1467793759,UTC,1467795999,work
UTC,1467796447,UTC,1467804092,work
UTC,1467808421,UTC,1467810259,work
UTC,1467817740,UTC,1467825119,work
UTC,1467828613,UTC,1467832209,work
UTC,1467877486,UTC,1467880090,work
UTC,1467884958,UTC,1467890457,work
UTC,1467893966,UTC,1467894103,work
UTC,1467902962,UTC,1467903439,work
UTC,1467965092,UTC,1467969323,work
UTC,1467971171,UTC,1467976083,work
UTC,1467983388,UTC,1467989771,work
UTC,1468220670,UTC,1468222576,work
UTC,1468224092,UTC,1468227754,work
UTC,1468231828,UTC,1468232427,work
UTC,1468233634,UTC,1468236548,work
UTC,1468239826,UTC,1468246932,work
UTC,1468305850,UTC,1468320551,work
UTC,1468399731,UTC,1468407587,work
UTC,1468410863,UTC,1468421242,work
UTC,1468423148,UTC,1468424215,work
UTC,1468478175,UTC,1468489604,work
UTC,1468494203,UTC,1468503679,work
UTC,1468505718,UTC,1468511617,work
UTC,1468512370,UTC,1468515318,work
UTC,1468566782,UTC,1468577926,work
UTC,1468583012,UTC,1468588997,work
UTC,1468592898,UTC,1468595002,work
UTC,1468823612,UTC,1468840340,work
UTC,1468843331,UTC,1468852886,work
UTC,1468909827,UTC,1468945271,work
UTC,1468997326,UTC,1469011405,work
UTC,1469015547,UTC,1469021378,work
UTC,1469022565,UTC,1469023917,work
UTC,1469026405,UTC,1469033487,work
UTC,1469087069,UTC,1469100698,work
UTC,1469102602,UTC,1469113638,work
UTC,1469170387,UTC,1469181810,work
UTC,1469186866,UTC,1469200165,work
UTC,1469429212,UTC,1469460512,work
UTC,1469516410,UTC,1469527416,work
UTC,1469604089,UTC,1469615634,work
UTC,1469691478,UTC,1469721801,work
UTC,1469777882,UTC,1469794274,work
UTC,1470033271,UTC,1470049155,work
UTC,1470050828,UTC,1470066587,work
UTC,1470120221,UTC,1470134373,work
UTC,1470136191,UTC,1470154571,work
UTC,1470208672,UTC,1470223648,work
UTC,1470225987,UTC,1470234330,work
UTC,1470240253,UTC,1470260370,work
UTC,1470294205,UTC,1470307358,work
UTC,1470312302,UTC,1470326143,work
UTC,1470384510,UTC,1470392921,work
UTC,1470395631,UTC,1470403739,work
UTC,1470409000,UTC,1470421469,work
UTC,1470640424,UTC,1470654665,work
UTC,1470658976,UTC,1470669042,work
UTC,1470725503,UTC,1470731974,work
UTC,1470741217,UTC,1470774058,work
UTC,1470819524,UTC,1470851410,work
UTC,1470902301,UTC,1470913318,work
UTC,1470918162,UTC,1470937277,work
UTC,1470986936,UTC,1470996454,work
UTC,1470999773,UTC,1471017707,work
UTC,1471247534,UTC,1471254868,work
UTC,1471334119,UTC,1471359049,work
UTC,1471362271,UTC,1471381701,work
UTC,1471418811,UTC,1471421331,work
UTC,1471423546,UTC,1471428710,work
UTC,1471431416,UTC,1471436929,work
UTC,1471448766,UTC,1471452310,work
UTC,1471464378,UTC,1471468285,work
UTC,1471508514,UTC,1471516225,work
UTC,1471518726,UTC,1471537146,work
UTC,1471541819,UTC,1471546659,work
UTC,1471547091,UTC,1471551432,work
UTC,1471590008,UTC,1471626008,work
UTC,1471682800,UTC,1471720558,work
UTC,1471856892,UTC,1471859285,work
UTC,1471859864,UTC,1471861239,work
UTC,1471866025,UTC,1471966736,work
UTC,1472038894,UTC,1472045386,work
UTC,1472202890,UTC,1472215456,work
UTC,1472216760,UTC,1472220896,work
UTC,1472223351,UTC,1472241300,work
UTC,1472459749,UTC,1472470039,work
UTC,1472474371,UTC,1472485934,work
UTC,1472547059,UTC,1472580713,work
UTC,1472630488,UTC,1472660344,work
UTC,1472673153,UTC,1472676753,work
UTC,1472712833,UTC,1472730833,work
UTC,1472804787,UTC,1472810235,work
UTC,1472815462,UTC,1472823280,work
UTC,1473144072,UTC,1473172193,work
UTC,1473234159,UTC,1473275780,work
UTC,1473423673,UTC,1473466532,work
UTC,1473662910,UTC,1473677899,work
UTC,1473682594,UTC,1473694372,work
UTC,1473772882,UTC,1473778000,work
UTC,1473841482,UTC,1473844498,work
UTC,1473846231,UTC,1473850339,work
UTC,1473854616,UTC,1473865755,work
UTC,1473923974,UTC,1473952329,work
UTC,1473960891,UTC,1473965000,work
UTC,1474011560,UTC,1474039019,work
UTC,1474444770,UTC,1474453595,work
UTC,1474461258,UTC,1474483406,work
UTC,1474966827,UTC,1474967699,uni
UTC,1474998549,UTC,1475008549,work
UTC,1475064435,UTC,1475076731,uni
UTC,1475076732,UTC,1475091475,work
UTC,1475229972,UTC,1475263008,uni
UTC,1475318442,UTC,1475321068,uni
UTC,1475323385,UTC,1475336001,uni
UTC,1475348809,UTC,1475418182,uni
UTC,1475410214,UTC,1475420951,uni
UTC,1475480830,UTC,1475481184,work
UTC,1475485805,UTC,1475490884,work
UTC,1475518956,UTC,1475521842,uni
UTC,1475531839,UTC,1475534709,uni
UTC,1475562352,UTC,1475570841,work
UTC,1475574396,UTC,1475581030,work
UTC,1475581030,UTC,1475581365,work
UTC,1475590046,UTC,1475592144,uni
UTC,1475598379,UTC,1475599215,work
UTC,1475651553,UTC,1475663167,work
UTC,1475666479,UTC,1475669423,uni
UTC,1475669556,UTC,1475671526,work
UTC,1475672974,UTC,1475676548,uni
UTC,1475676820,UTC,1475681011,work
UTC,1475738430,UTC,1475740554,work
UTC,1475741669,UTC,1475743836,work
UTC,1475755202,UTC,1475759931,work
UTC,1475826028,UTC,1475829358,work
UTC,1475830955,UTC,1475842707,work
UTC,1475842707,UTC,1475849927,uni
UTC,1475849927,UTC,1475851620,work
UTC,1475855245,UTC,1475856364,uni
UTC,1475859960,UTC,1475862560,uni
UTC,1475926246,UTC,1475930883,uni
UTC,1476009985,UTC,1476012276,uni
UTC,1476014569,UTC,1476024374,uni
UTC,1476033276,UTC,1476039657,uni
UTC,1476045401,UTC,1476049423,uni
UTC,1476086230,UTC,1476096926,uni
UTC,1476101088,UTC,1476114088,uni
UTC,1476131726,UTC,1476134422,uni
UTC,1476134422,UTC,1476141568,work
UTC,1476173281,UTC,1476195175,uni
UTC,1476212159,UTC,1476224540,work
UTC,1476259702,UTC,1476284608,uni
UTC,1476345817,UTC,1476354802,uni
UTC,1476367209,UTC,1476391544,uni
UTC,1476436594,UTC,1476442701,uni
UTC,1476446754,UTC,1476455817,uni
UTC,1476470942,UTC,1476481638,uni
UTC,1476532369,UTC,1476533296,uni
UTC,1476537587,UTC,1476540004,uni
UTC,1476545176,UTC,1476546717,uni
UTC,1476608208,UTC,1476612421,uni
UTC,1476615510,UTC,1476619168,uni
UTC,1476633222,UTC,1476635752,uni
UTC,1476640755,UTC,1476643298,uni
UTC,1476689751,UTC,1476692012,work
UTC,1476693857,UTC,1476694433,work
UTC,1476699243,UTC,1476702092,work
UTC,1476707031,UTC,1476707855,work
UTC,1476709444,UTC,1476716300,work
UTC,1476737991,UTC,1476741371,uni
UTC,1476778689,UTC,1476780527,work
UTC,1476792538,UTC,1476794371,work
UTC,1476794371,UTC,1476794972,uni
UTC,1476794972,UTC,1476803172,work
UTC,1476861609,UTC,1476870037,work
UTC,1476884603,UTC,1476889406,uni
UTC,1476892241,UTC,1476893881,uni
UTC,1476953405,UTC,1476957557,work
UTC,1476964929,UTC,1476968894,uni
UTC,1476976105,UTC,1476999629,uni
UTC,1477036839,UTC,1477038099,work
UTC,1477040912,UTC,1477042181,work
UTC,1477042181,UTC,1477048081,uni
UTC,1477053260,UTC,1477055090,work
